{
  "name": "numerical controller approx model",
  "controller_type": "numerical controller",
  "reinforcement_learning": {
    "reward_processor": "NumericalRewardProcessing",
    "max_episode_steps": 500
  },
    "performance_metrics": {
        "energy": {
            "weights": [
        -1.18839267e-08, 1.78410434e-06, -8.39779137e-05, 8.30843579e-04,
        1.33089344e-01
      ],
      "norm_offset": 0.0
    },
    "delay": {
      "weights": [7.99144432e-07, 2.46942708e-06, -1.76590373e-03, 4.24270337e-02],
      "norm_offset": 0.0
    },
    "pdr": {
      "weights": [-9.52511867e-05, 9.61261511e-01],
      "norm_offset": 0.0
    }
  }
}
